,Name,Team,Assists,Free Throws,Free Throw Attempts,Two Pointers,Three Pointers,Two Point Attempts,Three Point Attempts,Games Played,Defensive Rebounds,Offensive Rebounds,Turnovers,Half Misses
0,A. Gee,Cleveland,125,150,189,206,59,457,197,72,205,62,120,88
1,T. Thompson,Cleveland,95,148,240,336,0,683,3,72,399,266,106,72
2,K. Irving,Cleveland,283,194,230,332,95,685,227,50,154,30,158,102
3,D. Waiters,Cleveland,173,149,201,253,60,571,190,57,118,21,111,105
4,A. Varejão,Cleveland,84,77,102,138,0,284,5,25,223,138,44,51
5,C. Miles,Cleveland,63,73,84,124,123,278,320,62,144,23,66,60
6,T. Zeller,Cleveland,90,110,144,210,0,473,3,67,252,150,87,62
7,D. Gibson,Cleveland,75,23,34,24,56,77,159,43,53,4,31,29
8,L. Walton,Cleveland,154,10,20,48,20,105,65,46,102,38,59,16
9,D. Sloan,Cleveland,37,20,25,20,7,59,19,18,25,3,13,13
10,A. Price,Washington,185,34,43,72,52,171,156,48,82,17,55,44
11,T. Ariza,Washington,109,68,84,105,69,227,189,52,205,41,78,66
12,E. Okafor,Washington,86,97,170,301,0,621,0,71,452,185,96,57
13,B. Beal,Washington,136,115,143,189,90,444,232,55,164,42,88,100
14,T. Booker,Washington,32,33,59,87,0,178,5,39,117,81,25,19
15,J. Veselý,Washington,22,12,39,50,0,102,1,42,67,41,24,11
16,M. Webster,Washington,132,144,168,132,133,279,309,70,226,45,82,68
17,J. Crawford,Washington,157,80,98,152,59,337,171,43,104,31,97,70
18,C. Singleton,Washington,32,39,65,73,6,184,32,45,113,51,39,28
19,J. Pargo,Washington,14,2,2,5,3,12,20,7,6,0,8,6
20,E. Barron,Washington,3,2,5,13,0,37,0,10,27,16,10,2
21,L. James,Miami,524,375,497,626,101,1049,250,72,491,95,218,120
22,M. Chalmers,Miami,243,65,85,96,111,211,269,71,139,16,108,50
23,S. Battier,Miami,62,26,31,14,126,40,292,66,114,36,30,35
24,D. Wade,Miami,332,293,396,532,17,988,66,66,245,83,185,94
25,C. Bosh,Miami,110,219,278,442,19,795,67,70,344,127,121,60
26,U. Haslem,Miami,38,28,41,114,0,222,0,70,284,88,39,19
27,N. Cole,Miami,132,41,60,118,25,271,77,71,88,13,75,39
28,R. Allen,Miami,114,85,100,134,125,277,296,71,161,37,83,51
29,R. Lewis,Miami,20,13,25,30,35,73,86,45,70,11,21,21
30,M. Miller,Miami,66,5,7,17,44,39,119,48,100,11,18,20
31,B. Bass,Boston,75,112,130,239,0,505,2,73,263,116,70,38
32,K. Garnett,Boston,149,152,194,402,2,806,16,65,434,73,106,65
33,P. Pierce,Boston,348,307,386,314,136,677,358,72,427,43,206,103
34,R. Rondo,Boston,420,60,93,213,12,415,50,38,169,43,148,40
35,C. Lee,Boston,124,53,62,171,49,332,136,70,143,29,74,50
36,J. Sullinger,Boston,35,47,63,110,1,220,5,45,172,92,29,32
37,J. Green,Boston,109,192,236,263,60,535,163,73,222,47,111,70
38,J. Terry,Boston,180,83,96,147,116,293,307,73,125,18,93,48
39,L. Barbosa,Boston,58,29,39,65,18,146,47,39,38,8,21,24
40,D. Howard,LA Lakers,95,304,626,411,1,713,5,68,630,231,198,70
41,S. Nash,LA Lakers,333,77,84,179,57,345,130,50,116,26,126,29
42,M. World,LA Lakers,0,0,0,0,0,0,0,68,260,99,98,0
43,P. Gasol,LA Lakers,147,103,149,203,8,437,27,41,240,84,81,69
44,K. Bryant,LA Lakers,424,451,540,558,124,1095,374,72,328,63,264,162
45,J. Meeks,LA Lakers,54,71,77,77,112,168,307,70,113,33,45,70
46,S. Blake,LA Lakers,141,14,21,31,50,75,117,37,79,11,43,18
47,A. Jamison,LA Lakers,47,86,126,165,74,302,207,68,235,98,47,60
48,J. Hill,LA Lakers,13,40,61,77,0,153,2,29,84,82,26,26
49,E. Brand,Dallas,67,66,93,224,0,465,1,68,291,126,54,50
50,S. Marion,Dallas,139,63,82,270,20,508,65,58,326,128,92,50
51,D. Collison,Dallas,371,206,231,259,45,525,123,72,172,25,160,44
52,O. Mayo,Dallas,318,177,214,301,130,630,318,73,230,33,186,87
53,B. Wright,Dallas,36,49,80,198,0,320,3,53,149,70,28,28
54,V. Carter,Dallas,156,166,200,181,143,393,354,72,243,43,97,77
55,E. Curry,Dallas,0,1,4,4,0,8,0,2,2,2,3,2
56,J. Crowder,Dallas,87,43,69,72,61,157,184,68,140,30,46,32
57,R. Beaubois,Dallas,84,29,37,44,21,104,72,42,47,9,33,18
58,L. Allen,Philadelphia,68,36,52,193,0,416,1,69,213,144,50,56
59,J. Holiday,Philadelphia,587,164,218,430,81,942,216,69,221,78,266,124
60,E. Turner,Philadelphia,311,135,183,347,51,798,141,73,417,51,170,85
61,J. Richardson,Philadelphia,51,20,33,78,57,169,167,33,108,19,26,38
62,T. Young,Philadelphia,113,93,166,458,1,857,8,67,342,164,77,72
63,S. Hawes,Philadelphia,164,114,146,310,24,649,70,73,370,156,119,74
64,D. Wright,Philadelphia,130,94,112,84,114,203,305,70,235,37,60,58
65,N. Young,Philadelphia,80,89,111,138,68,312,193,53,101,23,47,52
66,M. Wayns,Philadelphia,20,13,15,14,5,47,25,19,4,1,13,11
67,T. Lawson,Denver,474,217,286,343,82,709,223,69,151,35,177,100
68,A. Iguodala,Denver,368,139,239,267,79,521,256,72,297,72,180,106
69,J. Hamilton,Denver,21,12,24,52,27,119,72,35,61,30,18,37
70,K. Koufos,Denver,31,55,97,274,0,457,1,73,311,191,50,62
71,K. Faried,Denver,74,150,243,356,0,646,0,74,441,243,108,69
72,A. Miller,Denver,438,132,154,262,13,504,55,74,167,54,161,57
73,C. Brewer,Denver,110,116,169,255,81,508,275,74,160,51,90,105
74,W. Chandler,Denver,39,75,95,122,34,263,86,35,140,33,46,38
75,J. McGee,Denver,21,107,180,280,1,486,1,71,190,140,79,61
76,E. Fournier,Denver,22,17,25,24,15,46,34,27,13,4,21,6
77,D. DeRozan,Toronto,192,317,379,442,25,979,102,73,250,44,138,134
78,K. Lowry,Toronto,358,167,204,126,93,294,246,59,226,53,135,54
79,A. Bargnani,Toronto,38,63,75,132,38,303,122,35,102,26,54,50
80,L. Fields,Toronto,55,31,48,92,2,190,14,44,130,49,38,26
81,J. Valančiūnas,Toronto,42,100,131,175,0,314,1,54,220,111,78,45
82,T. Ross,Toronto,52,22,33,108,62,235,190,65,102,35,47,56
83,J. Calderón,Toronto,333,34,38,108,79,214,184,45,92,14,75,44
84,A. Anderson,Toronto,92,113,133,126,90,297,262,56,99,29,76,73
85,E. Davis,Toronto,55,66,102,186,0,339,0,45,205,95,45,40
86,A. Johnson,Toronto,108,123,171,300,2,531,8,72,334,214,103,67
87,A. Gray,Toronto,25,20,38,41,0,77,0,36,72,41,34,8
88,J. Lucas,Toronto,0,0,0,0,0,0,0,47,52,8,24,0
89,P. George,Indiana,295,192,233,307,162,667,434,73,488,78,219,148
90,R. Hibbert,Indiana,106,149,203,341,1,780,4,73,329,274,149,133
91,G. Hill,Indiana,326,130,163,238,120,481,320,70,226,41,110,102
92,G. Green,Indiana,46,50,62,81,52,211,167,55,105,30,46,45
93,D. West,Indiana,200,219,288,458,4,920,18,67,379,136,142,90
94,T. Hansbrough,Indiana,34,198,273,164,0,371,3,74,195,148,64,66
95,S. Young,Indiana,40,19,35,37,16,88,49,47,90,24,31,19
96,I. Mahinmi,Indiana,23,103,160,145,0,316,2,74,185,107,85,29
97,D. Augustin,Indiana,160,65,75,32,63,95,174,69,66,18,62,43
98,L. Stephenson,Indiana,202,58,90,192,55,373,168,71,239,41,95,66
99,G. Monroe,Detroit,251,243,359,452,0,941,2,73,493,208,213,125
100,R. Stuckey,Detroit,227,178,227,221,44,504,159,68,149,40,117,86
101,B. Knight,Detroit,273,136,181,212,109,486,297,67,178,44,184,102
102,J. Maxiell,Detroit,54,90,145,204,0,457,0,72,274,135,81,50
103,T. Prince,Detroit,111,73,89,192,23,431,53,45,166,43,54,72
104,J. Jerebko,Detroit,34,46,63,87,19,184,67,41,86,59,31,38
105,W. Bynum,Detroit,206,82,102,205,19,428,65,59,61,27,110,56
106,A. Drummond,Detroit,25,43,122,172,1,287,2,52,245,148,42,40
107,K. Singler,Detroit,74,88,108,190,63,408,181,74,199,101,90,91
108,K. English,Detroit,24,20,26,24,14,54,46,33,28,7,17,18
109,Ö. Aşık,Houston,66,152,279,293,0,546,0,73,598,246,158,72
110,M. Morris,Houston,47,49,75,97,74,206,194,54,156,63,53,32
111,J. Harden,Houston,409,585,680,367,158,761,422,70,276,56,254,112
112,J. Lin,Houston,435,182,233,270,71,559,213,73,192,30,213,78
113,C. Parsons,Houston,250,102,140,278,143,508,375,72,307,79,138,87
114,C. Delfino,Houston,124,42,48,87,147,184,388,62,185,15,70,83
115,G. Smith,Houston,18,64,105,139,0,221,1,60,177,96,34,21
116,T. Douglas,Houston,93,59,66,78,61,190,162,48,67,23,56,53
117,D. Cook,Houston,10,1,2,10,11,29,30,15,13,5,6,10
118,J. Noah,Chicago,258,169,223,297,0,617,4,63,464,256,172,89
119,K. Hinrich,Chicago,267,53,74,71,53,195,144,50,119,12,85,35
120,L. Deng,Chicago,190,206,255,356,66,785,204,67,285,152,133,125
121,C. Boozer,Chicago,143,164,228,464,0,969,2,69,489,154,142,104
122,R. Hamilton,Chicago,107,53,62,177,14,398,46,45,64,15,80,54
123,T. Gibson,Chicago,59,85,125,204,0,417,3,62,215,124,73,54
124,N. Robinson,Chicago,319,108,132,222,117,489,291,72,133,24,123,101
125,M. Belinelli,Chicago,133,122,145,149,73,361,200,66,118,11,81,67
126,N. Mohammed,Chicago,20,22,32,41,0,116,1,50,84,44,16,16
127,J. Butler,Chicago,89,149,180,163,26,328,80,71,148,114,48,55
128,J. Thompson,Sacramento,75,122,177,337,0,660,2,74,331,156,94,84
129,D. Cousins,Sacramento,186,277,377,431,4,919,21,67,471,206,208,108
130,T. Evans,Sacramento,216,195,249,295,38,579,115,58,211,50,117,66
131,I. Thomas,Sacramento,274,200,227,224,104,443,281,70,118,20,123,66
132,J. Johnson,Sacramento,56,40,65,115,2,260,21,53,94,48,68,36
133,M. Thornton,Sacramento,79,103,117,176,123,357,331,64,121,45,59,69
134,T. Robinson,Sacramento,36,41,71,103,0,243,0,51,146,92,65,42
135,C. Hayes,Sacramento,101,28,46,80,0,179,1,70,178,107,40,34
136,F. García,Sacramento,43,10,12,37,40,96,109,40,61,7,20,24
137,A. Brooks,Sacramento,108,39,50,91,48,176,127,46,66,12,63,33
138,A. Davis,New Orleans,58,146,201,320,0,610,6,59,324,150,84,74
139,A. Aminu,New Orleans,89,94,125,188,4,398,16,66,400,119,103,52
140,A. Rivers,New Orleans,127,59,108,117,28,304,86,61,93,16,74,44
141,G. Vásquez,New Orleans,662,113,142,329,79,715,225,72,279,41,231,116
142,R. Lopez,New Orleans,58,138,180,340,0,637,0,74,202,196,95,72
143,R. Mason,New Orleans,69,29,32,66,65,143,155,65,118,11,49,35
144,J. Smith,New Orleans,34,84,100,167,0,337,4,51,122,64,55,29
145,R. Anderson,New Orleans,91,132,154,240,199,492,511,73,304,163,89,115
146,D. Miller,New Orleans,42,8,8,21,21,48,48,38,63,8,21,13
147,D. Green,San Antonio,122,55,66,105,165,224,374,71,188,34,86,47
148,K. Leonard,San Antonio,76,79,94,169,61,301,162,52,247,51,52,34
149,T. Parker,San Antonio,465,251,299,472,24,872,65,61,170,18,156,71
150,T. Duncan,San Antonio,169,216,267,435,2,859,7,62,507,117,130,57
151,B. Diaw,San Antonio,168,47,65,142,29,233,74,71,178,59,80,18
152,S. Jackson,San Antonio,73,45,66,72,43,149,156,52,125,20,70,32
153,T. Splitter,San Antonio,113,195,266,285,0,497,1,73,328,124,88,36
154,M. Bonner,San Antonio,29,8,11,47,44,88,102,57,87,21,12,21
155,G. Neal,San Antonio,108,45,52,128,72,293,205,59,106,12,59,55
156,P. Mills,San Antonio,52,14,15,54,43,94,108,52,36,9,35,13
157,G. Hayward,Utah,188,206,250,210,87,477,212,64,153,45,109,106
158,A. Jefferson,Utah,144,147,193,533,2,1085,17,70,494,142,91,98
159,M. Williams,Utah,308,120,146,272,99,590,282,70,270,70,160,116
160,P. Millsap,Utah,179,251,335,377,12,754,37,70,346,162,122,83
161,J. Tinsley,Utah,265,17,24,45,34,103,117,57,92,16,98,32
162,D. Favors,Utah,66,163,239,243,0,501,5,69,310,167,116,84
163,E. Kanter,Utah,31,93,117,205,1,378,1,70,169,135,101,44
164,R. Foye,Utah,150,85,103,109,159,284,382,74,96,16,86,62
165,D. Carroll,Utah,52,71,93,125,18,240,60,59,93,82,32,37
166,K. Murphy,Utah,2,0,0,6,1,20,5,12,4,0,3,6
167,A. Burks,Utah,87,85,119,118,31,273,86,58,98,36,69,58
168,J. Evans,Utah,10,19,31,25,0,41,1,27,31,23,8,6
169,D. Jones,Dallas,111,101,135,81,9,203,46,48,84,31,60,30
170,B. James,Dallas,6,25,41,52,0,100,2,37,78,52,17,12
171,J. Cunningham,Dallas,1,2,2,4,2,11,3,5,2,1,2,2
172,J. Dudley,Phoenix,183,103,132,189,96,364,242,71,149,78,92,81
173,G. Dragić,Phoenix,503,200,274,280,79,563,254,70,165,50,184,87
174,M. Beasley,Phoenix,106,89,118,245,42,574,137,70,218,51,135,94
175,L. Scola,Phoenix,163,157,202,376,3,795,15,74,328,133,106,91
176,M. Gortat,Phoenix,75,90,138,295,0,563,3,61,388,128,99,51
177,J. O'Neal,Phoenix,40,89,106,161,0,325,0,51,192,72,70,29
178,M. Morris,Phoenix,107,99,153,230,42,536,143,74,252,132,103,93
179,S. Brown,Phoenix,108,79,103,196,38,422,140,57,105,43,73,63
180,P. Tucker,Phoenix,90,50,72,162,15,326,57,71,191,114,58,41
181,S. Telfair,Phoenix,114,38,50,51,43,134,113,46,56,12,53,32
182,A. Bogut,Golden State,60,19,36,74,1,155,1,26,141,58,25,27
183,D. Lee,Golden State,262,232,289,541,0,1048,3,71,591,200,191,95
184,S. Curry,Golden State,474,216,239,317,236,712,519,70,231,52,217,145
185,H. Barnes,Golden State,88,127,172,204,47,429,133,73,246,43,87,64
186,K. Thompson,Golden State,164,110,129,253,192,586,486,74,259,30,140,122
187,F. Ezeli,Golden State,19,34,69,64,0,148,0,69,147,122,61,16
188,B. Rush,Golden State,2,1,1,6,0,7,2,1,1,0,3,0
189,J. Jack,Golden State,390,147,173,275,76,592,187,71,198,16,145,70
190,C. Landry,Golden State,58,211,257,290,0,533,2,73,275,167,105,62
191,R. Jefferson,Golden State,30,32,43,42,14,85,44,48,77,4,22,10
192,D. Green,Golden State,51,43,51,68,13,183,64,71,192,56,48,42
193,B. Griffin,LA Clippers,267,255,384,521,4,951,23,72,439,169,166,108
194,C. Butler,LA Clippers,67,68,83,157,114,351,298,70,166,38,65,87
195,D. Jordan,LA Clippers,27,95,240,278,0,432,0,74,338,188,96,52
196,W. Green,LA Clippers,46,20,28,90,62,191,150,64,69,14,26,36
197,C. Paul,LA Clippers,594,229,260,294,71,539,213,62,186,45,144,71
198,R. Hollins,LA Clippers,8,49,68,54,0,92,0,48,80,40,37,8
199,J. Crawford,LA Clippers,168,184,209,274,129,567,348,68,92,21,132,101
200,E. Bledsoe,LA Clippers,209,98,123,206,27,451,65,68,135,72,129,59
201,R. Turiaf,LA Clippers,34,22,61,49,0,95,0,56,105,44,27,12
202,L. Odom,LA Clippers,124,16,35,116,17,251,86,74,321,99,80,52
203,Z. Randolph,Memphis,98,192,257,419,2,883,21,67,483,280,139,130
204,M. Gasol,Memphis,277,245,287,390,1,773,12,71,382,164,144,86
205,R. Gay,Memphis,108,115,147,241,40,559,129,42,193,56,104,85
206,M. Conley,Memphis,444,191,225,257,97,553,269,71,155,40,173,96
207,T. Allen,Memphis,83,117,156,252,3,548,23,70,214,111,87,81
208,J. Bayless,Memphis,238,82,97,166,65,367,176,73,139,19,113,74
209,M. Speights,Memphis,18,48,67,104,2,242,5,40,113,76,35,35
210,W. Ellington,Memphis,42,13,14,40,41,102,97,40,47,5,24,27
211,Q. Pondexter,Memphis,54,50,65,54,54,120,131,50,73,38,36,30
212,W. Matthews,Portland,167,137,171,170,161,362,394,65,152,33,103,83
213,N. Batum,Portland,356,164,195,185,163,386,440,72,315,97,187,96
214,D. Lillard,Portland,475,228,265,326,166,696,445,73,192,39,216,123
215,J. Hickson,Portland,79,172,250,385,0,676,2,72,529,244,135,66
216,L. Aldridge,Portland,182,260,322,591,2,1220,13,69,450,162,136,123
217,M. Leonard,Portland,22,62,78,121,1,216,4,58,145,69,34,19
218,N. Smith,Portland,34,16,24,33,5,80,25,36,20,7,28,10
219,S. Pavlović,Portland,26,0,4,18,11,41,43,32,40,7,13,11
220,J. Jeffries,Portland,14,12,23,16,0,52,2,36,34,26,17,15
221,D. Ebanks,LA Lakers,10,11,14,18,6,51,22,19,31,10,11,12
222,C. Duhon,LA Lakers,133,5,12,14,33,32,91,43,56,11,37,14
223,D. Blair,San Antonio,38,39,60,115,0,223,1,53,134,60,43,18
224,R. Westbrook,Oklahoma City,559,416,522,518,86,1115,268,74,290,99,253,167
225,K. Durant,Oklahoma City,329,598,660,539,129,1007,315,74,545,40,256,134
226,T. Sefolosha,Oklahoma City,114,54,65,108,92,194,223,73,230,53,60,41
227,K. Perkins,Oklahoma City,106,43,70,136,0,293,1,73,342,105,104,43
228,S. Ibaka,Oklahoma City,40,136,183,382,17,648,52,72,361,203,116,59
229,K. Martin,Oklahoma City,99,203,225,182,149,385,354,72,137,30,96,84
230,E. Maynor,Oklahoma City,73,17,21,21,15,69,46,36,13,5,31,14
231,N. Collison,Oklahoma City,111,55,71,169,0,273,3,74,192,112,66,31
232,H. Thabeet,Oklahoma City,7,31,51,58,0,96,0,56,107,62,39,11
233,K. Walker,Charlotte,415,239,301,372,94,820,288,73,196,56,171,138
234,M. Kidd-Gilchrist,Charlotte,105,129,171,251,2,541,9,70,282,112,90,62
235,G. Henderson,Charlotte,142,220,268,291,31,635,82,59,174,48,86,65
236,B. Haywood,Charlotte,29,30,66,93,0,215,1,60,165,125,50,39
237,B. Mullens,Charlotte,81,64,97,151,66,354,208,51,265,71,74,67
238,T. Thomas,Charlotte,13,22,26,32,0,100,1,18,38,12,13,9
239,B. Biyombo,Charlotte,33,66,128,128,0,286,0,71,326,169,73,44
240,R. Sessions,Charlotte,230,288,342,243,33,569,107,61,142,27,104,69
241,R. Williams,Charlotte,34,8,15,29,19,50,65,32,34,6,14,11
242,B. Gordon,Charlotte,132,86,102,184,103,439,262,66,105,18,115,82
243,A. Afflalo,Orlando,206,182,212,325,72,665,240,64,210,29,138,72
244,G. Davis,Orlando,70,84,117,214,0,476,2,34,191,55,64,27
245,N. Vučević,Orlando,121,72,107,394,0,754,3,69,560,235,122,86
246,J. Nelson,Orlando,413,85,96,185,121,425,355,56,186,23,154,78
247,H. Türkoğlu,Orlando,23,3,6,13,1,29,24,11,22,4,12,5
248,J. Redick,Orlando,220,106,118,145,117,282,300,50,110,9,105,47
249,J. McRoberts,Orlando,70,22,30,43,17,98,55,41,96,41,28,24
250,E. Moore,Orlando,187,39,49,155,64,355,183,67,104,43,93,70
251,I. Smith,Orlando,57,3,7,35,4,99,17,33,35,11,27,15
252,A. Nicholson,Orlando,33,71,90,237,0,443,0,65,169,61,72,35
253,K. O'Quinn,Orlando,41,28,40,84,0,156,1,47,112,52,28,25
254,D. Gallinari,Denver,172,258,308,222,133,499,355,69,299,63,107,102
255,J. Smith,Atlanta,296,151,289,449,57,915,187,70,466,124,214,100
256,K. Korver,Atlanta,142,45,52,80,173,175,381,68,250,23,62,60
257,J. Teague,Atlanta,516,177,200,321,82,667,225,73,143,21,214,73
258,D. Harris,Atlanta,175,94,132,106,71,189,204,54,102,5,81,40
259,A. Horford,Atlanta,222,129,202,537,3,982,6,69,529,179,135,94
260,Z. Pachulia,Atlanta,79,78,103,114,0,238,3,52,204,132,70,30
261,L. Williams,Atlanta,139,100,115,115,72,247,196,39,72,8,74,54
262,D. Stevenson,Atlanta,46,12,23,19,73,44,190,50,92,15,19,25
263,A. Tolliver,Atlanta,29,34,41,35,41,75,117,53,106,25,33,21
264,P. Patterson,Houston,51,37,49,201,35,359,96,47,148,73,42,38
265,C. Aldrich,Houston,6,4,9,23,0,43,0,26,45,12,14,5
266,D. Miličić,Boston,0,0,0,0,0,1,0,1,1,0,2,0
267,K. Joseph,Boston,1,3,4,2,0,9,2,6,4,1,2,1
268,C. Wilcox,Boston,15,38,56,93,0,130,1,52,98,48,30,7
269,M. Ellis,Milwaukee,424,254,326,461,72,1005,266,72,236,43,219,143
270,E. İlyasova,Milwaukee,105,115,146,245,79,524,183,65,324,135,63,80
271,B. Jennings,Milwaukee,487,202,247,298,153,731,410,72,173,53,190,137
272,T. Harris,Milwaukee,13,23,26,46,7,94,21,25,40,17,18,13
273,S. Dalembert,Milwaukee,21,38,55,135,1,251,1,45,171,103,50,28
274,L. Sanders,Milwaukee,73,75,123,276,0,539,2,65,411,205,79,55
275,M. Dunleavy,Milwaukee,120,87,107,125,108,278,251,65,227,27,74,55
276,E. Udoh,Milwaukee,42,80,105,106,0,243,1,67,123,102,40,42
277,B. Udrih,Milwaukee,138,21,29,100,13,189,49,39,61,17,53,25
278,M. Daniels,Milwaukee,59,39,50,98,17,241,63,51,84,40,36,46
279,D. Lamb,Milwaukee,20,8,15,29,4,79,16,22,14,3,16,17
280,S. Samuels,Cleveland,8,14,24,22,0,59,1,16,18,10,6,6
281,O. Casspi,Cleveland,15,15,27,21,20,58,59,32,55,15,17,20
282,J. Leuer,Cleveland,5,2,6,10,0,25,3,9,8,5,5,3
283,M. Teague,Chicago,62,9,16,39,4,90,23,33,40,3,35,9
284,V. Radmanović,Chicago,6,0,0,4,4,10,21,18,12,8,7,7
285,B. Roy,Minnesota,23,7,10,11,0,26,9,5,11,3,7,3
286,L. Ridnour,Minnesota,278,98,119,272,63,538,199,72,157,38,117,85
287,D. Williams,Minnesota,35,168,245,233,56,509,174,68,299,81,90,94
288,N. Peković,Minnesota,47,200,273,343,0,664,0,56,285,214,96,78
289,A. Kirilenko,Minnesota,147,160,212,211,30,374,105,54,214,89,105,52
290,C. Budinger,Minnesota,15,26,33,33,14,60,45,13,37,8,17,17
291,J. Barea,Minnesota,255,76,96,188,82,422,235,64,152,30,122,83
292,A. Shved,Minnesota,256,105,146,137,79,315,268,67,123,38,140,80
293,G. Stiemsma,Minnesota,23,49,65,105,0,231,0,67,152,53,54,31
294,D. Cunningham,Minnesota,59,51,84,271,0,583,4,71,231,128,48,57
295,T. Outlaw,Sacramento,11,22,31,39,12,94,41,32,35,15,13,18
296,J. Fredette,Sacramento,80,71,81,94,57,221,136,61,44,17,59,42
297,B. Roberts,New Orleans,184,60,66,132,49,303,129,69,60,15,58,46
298,X. Henry,New Orleans,12,35,57,48,4,112,11,36,51,16,21,11
299,C. Anthony,New York,154,356,430,419,136,908,369,59,277,104,163,140
300,J. Kidd,New York,222,39,46,36,104,79,293,67,236,44,72,54
301,R. Felton,New York,328,93,119,253,84,563,231,60,123,45,138,85
302,T. Chandler,New York,57,175,252,245,0,380,0,62,422,260,82,50
303,R. Brewer,New York,40,16,39,42,22,104,71,42,71,29,14,23
304,J. Smith,New York,199,209,268,319,139,710,396,72,318,54,118,144
305,K. Thomas,New York,21,6,13,44,1,82,1,37,65,24,8,6
306,S. Novak,New York,31,22,24,27,130,72,305,71,121,17,10,41
307,P. Prigioni,New York,204,20,22,40,42,76,112,67,86,37,75,14
308,R. Wallace,New York,6,14,20,32,22,71,68,19,72,11,10,9
309,C. Copeland,New York,17,46,58,85,40,166,98,44,63,24,38,33
310,J. Jones,Miami,5,0,0,2,10,4,29,24,9,0,2,6
311,P. Jones,Oklahoma City,10,10,14,32,0,81,2,31,43,10,14,9
312,J. Lamb,Oklahoma City,3,13,13,5,9,19,20,15,7,2,4,5
313,J. Freeland,Portland,9,12,17,44,0,109,0,40,60,35,17,19
314,L. Babbitt,Portland,23,9,12,20,55,51,154,50,109,11,19,25
315,W. Johnson,Phoenix,27,18,23,81,38,191,114,41,77,21,35,44
316,A. Biedriņš,Golden State,13,4,13,10,0,21,0,45,117,33,13,3
317,D. Morris,LA Lakers,70,24,36,47,23,117,62,43,30,22,43,29
318,M. Barnes,LA Clippers,112,79,104,174,105,316,305,72,223,102,85,65
319,K. Séraphin,Washington,48,54,79,292,0,644,0,70,207,94,111,65
320,C. Martin,Washington,18,16,24,33,45,87,118,33,69,7,27,32
321,D. Williams,Brooklyn,537,245,289,281,149,602,398,70,190,26,200,150
322,B. Lopez,Brooklyn,62,258,342,504,0,965,1,66,279,182,117,107
323,J. Johnson,Brooklyn,235,122,148,277,129,612,347,65,151,50,116,154
324,G. Wallace,Brooklyn,166,119,183,130,46,283,157,62,243,67,104,83
325,K. Humphries,Brooklyn,28,85,110,117,0,264,2,56,217,109,47,44
326,C. Watson,Brooklyn,142,60,77,94,77,221,192,71,96,35,61,64
327,A. Blatche,Brooklyn,79,132,188,303,2,577,17,73,228,144,109,83
328,R. Evans,Brooklyn,39,99,190,107,0,226,0,72,526,234,97,27
329,M. Brooks,Brooklyn,61,63,88,115,13,241,46,61,54,27,58,47
330,D. McGuire,Toronto,10,2,6,15,0,32,0,14,37,11,7,2
331,J. Anthony,Miami,11,16,25,27,0,55,0,50,56,38,17,6
332,L. Thomas,New Orleans,17,43,59,53,0,106,0,51,71,44,14,11
333,W. Barton,Portland,31,27,39,67,7,160,50,59,67,26,39,23
334,R. Price,Portland,73,17,24,29,10,81,39,39,31,13,34,13
335,V. Claver,Portland,26,8,21,35,14,72,56,38,63,28,28,23
336,C. Kaman,Dallas,45,63,80,273,0,537,1,57,231,77,89,47
337,T. Murphy,Dallas,7,10,11,11,11,26,35,14,42,7,7,7
338,J. Taylor,Charlotte,55,67,94,108,48,226,144,69,86,49,45,49
339,C. Higgins,Charlotte,5,1,2,5,1,14,5,6,2,1,0,0
340,M. Carroll,Charlotte,1,0,0,0,0,0,0,1,0,0,0,0
341,J. Przybilla,Milwaukee,4,0,2,1,0,4,0,12,16,5,4,1
342,M. Ginóbili,San Antonio,272,161,202,145,83,302,233,59,170,30,130,58
343,J. White,New York,20,6,14,27,10,59,30,39,30,4,13,6
344,R. Ivey,Philadelphia,30,9,15,24,36,52,84,46,37,15,19,15
345,D. Jones,Orlando,16,22,36,75,7,151,29,52,79,16,25,21
346,G. Ayón,Orlando,59,19,38,67,0,125,0,42,100,40,38,12
347,W. Conroy,Minnesota,0,1,2,0,0,6,3,4,0,1,0,1
348,L. Amundson,Minnesota,3,4,20,14,0,38,0,20,24,23,11,7
349,R. Jackson,Oklahoma City,101,38,48,98,21,173,86,61,118,17,45,23
350,I. Johnson,Atlanta,43,69,112,148,1,282,12,61,154,64,64,27
351,A. Morrow,Atlanta,9,12,14,32,15,73,38,23,16,10,4,11
352,R. Sacre,LA Lakers,6,7,11,18,0,48,0,21,24,9,10,4
353,K. Brown,Philadelphia,9,7,19,17,0,37,0,21,51,23,8,4
354,D. Wilkins,Philadelphia,68,57,80,98,12,194,39,49,49,23,40,28
355,A. Moultrie,Philadelphia,7,15,24,51,0,96,0,36,50,52,10,13
356,K. Bogans,Brooklyn,64,10,14,23,82,38,224,67,99,14,46,38
357,T. Taylor,Brooklyn,12,12,23,20,3,57,9,30,14,1,18,8
358,M. Teletović,Brooklyn,23,7,8,29,32,68,95,43,56,31,15,20
359,T. Harris,Miami,2,6,8,2,0,7,1,6,5,4,4,1
360,D. Garrett,Phoenix,26,5,10,12,3,29,11,16,10,4,11,4
361,L. Zeller,Phoenix,3,0,0,8,1,21,5,12,9,1,0,3
362,K. Marshall,Phoenix,106,5,11,25,19,57,62,39,29,3,48,12
363,N. De,San Antonio,0,0,0,0,0,0,0,57,87,18,64,0
364,B. Hansbrough,Indiana,18,16,22,6,6,17,20,22,15,1,18,4
365,O. Johnson,Indiana,42,22,30,35,31,77,74,42,79,20,24,26
366,M. Plumlee,Indiana,2,3,4,2,0,16,0,11,9,11,3,3
367,D. Liggins,Oklahoma City,15,8,16,13,7,27,18,29,37,13,13,4
368,J. Harrellson,Miami,0,1,2,3,1,4,5,4,4,3,3,0
369,T. Shengelia,Brooklyn,3,8,13,4,1,8,2,12,8,4,10,1
370,J. Henson,Milwaukee,23,43,82,127,0,264,3,50,133,84,36,32
371,J. Selby,Memphis,4,7,11,5,1,16,6,9,5,0,7,2
372,T. Wroten,Memphis,42,20,27,28,4,67,16,30,14,13,28,9
373,M. Lee,Minnesota,20,12,20,21,8,52,24,15,24,15,10,16
374,M. Harkless,Orlando,40,57,101,186,30,363,96,68,190,112,53,69
375,H. Warrick,New Orleans,0,2,2,1,0,2,0,1,0,0,0,0
376,Q. Acy,Toronto,2,18,20,21,0,37,0,19,17,19,8,5
377,J. Childress,Brooklyn,5,1,2,5,1,18,3,9,9,6,0,5
378,J. Stackhouse,Brooklyn,25,12,15,26,25,60,79,31,21,5,20,22
379,M. Camby,New York,14,8,19,17,0,53,0,23,56,24,15,13
380,D. Diop,Charlotte,13,0,1,8,0,26,1,20,41,10,8,4
381,J. Salmons,Sacramento,207,78,101,134,93,322,242,68,161,29,78,52
382,T. Mozgov,Denver,8,18,24,40,0,74,2,34,50,43,23,10
383,A. Randolph,Denver,8,17,28,35,0,78,6,30,41,21,22,11
384,C. Jenkins,Golden State,28,9,17,34,1,81,2,38,16,5,19,7
385,K. Bazemore,Golden State,19,24,38,31,9,74,30,36,16,5,14,12
386,J. Tyler,Golden State,1,4,6,9,0,24,0,14,11,6,6,4
387,L. Kleiza,Toronto,16,31,36,28,20,78,66,20,42,10,14,21
388,T. Jones,Houston,6,6,6,11,2,26,8,9,11,7,3,4
389,D. Motiejūnas,Houston,25,21,37,59,21,100,66,33,43,27,28,8
390,K. Middleton,Detroit,14,22,25,27,8,60,30,18,23,3,5,16
391,C. Villanueva,Detroit,46,24,45,77,85,183,237,60,176,44,35,62
392,A. Daye,Detroit,21,15,18,22,21,57,40,24,53,10,13,16
393,J. Jenkins,Atlanta,42,39,46,57,47,118,118,53,68,16,32,25
394,M. Scott,Atlanta,9,27,36,41,0,85,0,30,46,24,17,7
395,H. Haddadi,Memphis,4,1,2,7,0,21,0,11,14,10,4,5
396,D. Orton,Oklahoma City,3,6,12,5,0,12,0,7,7,7,0,2
397,J. Pargo,Cleveland,64,28,41,57,18,130,57,24,25,7,37,25
398,E. Clark,LA Lakers,56,48,70,125,26,263,79,50,223,74,59,43
399,D. Johnson-Odom,LA Lakers,1,0,0,0,0,3,1,3,3,1,0,1
400,C. Maggette,Detroit,19,33,44,22,5,55,21,18,20,5,17,14
401,J. Ayres,Indiana,13,16,17,48,2,106,3,30,63,26,20,13
402,J. Petro,Atlanta,12,6,7,39,1,87,4,26,56,26,20,8
403,J. Collins,Boston,6,21,30,8,0,23,0,28,31,21,16,3
404,J. Howard,Minnesota,4,7,12,26,5,61,16,11,27,9,10,10
405,S. Livingston,Washington,38,15,15,24,0,63,3,17,35,2,17,7
406,H. Warrick,Charlotte,25,58,86,66,0,160,3,27,68,21,29,18
407,N. Hilário,Washington,156,183,249,258,0,537,1,54,281,89,124,63
408,K. Love,Minnesota,42,100,141,85,20,206,92,18,188,64,39,60
409,D. Arthur,Memphis,30,32,44,144,5,312,18,52,94,59,39,47
410,E. Watson,Utah,188,17,25,32,5,92,28,47,64,23,69,23
411,C. Joseph,San Antonio,34,13,15,31,5,53,14,18,21,6,15,5
412,J. Anderson,San Antonio,9,7,9,6,5,14,11,8,11,3,7,3
413,S. Machado,Houston,6,2,2,3,0,5,1,5,1,0,8,1
414,C. Billups,LA Clippers,44,33,36,18,30,39,80,20,26,1,22,11
415,M. Piétrus,Toronto,9,12,18,14,20,34,64,19,31,5,16,9
416,L. Mbah,Milwaukee,0,0,0,0,0,0,0,48,149,82,67,0
417,D. Fisher,Dallas,31,20,22,13,10,42,23,9,15,0,18,4
418,K. Jones,Cleveland,5,3,5,21,0,51,0,20,18,18,3,10
419,D. Gooden,Milwaukee,6,10,14,19,1,54,5,14,18,13,9,8
420,J. Adrien,Charlotte,30,58,91,61,0,144,1,44,102,64,30,23
421,D. Pittman,Miami,0,0,0,3,0,5,0,3,3,4,2,1
422,R. Rubio,Minnesota,345,172,219,137,15,344,62,47,150,41,141,51
423,Q. Miller,Denver,3,1,2,1,0,5,1,4,1,0,0,1
424,D. McGuire,New Orleans,9,1,2,9,0,21,0,9,21,7,5,6
425,V. Kravtsov,Detroit,9,11,37,30,0,41,0,21,21,19,14,1
426,D. Nowitzki,Dallas,106,128,149,233,55,475,127,44,274,31,59,44
427,C. Douglas-Roberts,Dallas,4,7,10,5,0,10,4,5,5,0,1,1
428,T. Honeycutt,Sacramento,2,2,2,3,0,9,2,8,7,3,5,2
429,S. Mack,Washington,23,1,2,12,4,27,13,7,13,3,8,2
430,G. Temple,Washington,98,21,29,65,17,144,57,37,75,24,51,23
431,J. Varnado,Boston,1,2,4,2,0,4,0,4,2,1,1,1
432,E. Gordon,New Orleans,106,139,162,145,46,328,144,34,48,7,94,53
433,A. Stoudemire,New York,13,105,130,154,0,267,0,29,85,60,50,26
434,S. Livingston,Cleveland,142,52,61,119,0,239,1,40,69,25,44,30
435,A. Bradley,Boston,86,29,39,126,32,297,103,42,75,29,59,40
436,L. Hayward,Minnesota,3,6,6,2,0,6,4,4,4,0,0,2
437,J. Anderson,Houston,26,13,13,21,10,36,34,19,28,10,14,9
438,J. Stone,Denver,2,3,4,2,0,2,0,3,1,2,2,0
439,D. Cook,Chicago,8,6,7,12,13,38,54,22,31,2,6,12
440,M. James,Dallas,108,18,23,41,38,122,98,33,44,9,42,22
441,D. Sloan,New Orleans,1,0,0,0,0,0,0,1,0,0,1,0
442,G. Hill,LA Clippers,26,14,24,33,2,83,9,25,41,5,25,17
443,D. McGuire,Indiana,1,0,2,0,0,3,0,2,1,1,0,1
444,J. Wall,Washington,307,180,219,236,11,523,35,40,124,29,136,71
445,J. Varnado,Miami,1,0,0,1,0,3,0,3,0,0,1,0
446,D. James,Brooklyn,0,0,0,0,0,0,0,1,1,0,0,0
447,P. Beverley,Houston,90,30,37,30,29,69,74,32,47,37,35,23
448,I. Shumpert,New York,51,26,37,37,39,104,92,35,67,25,29,29
449,C. Johnson,Minnesota,8,18,30,44,0,69,0,21,36,18,13,4
450,M. Gelabale,Minnesota,25,21,24,54,15,84,50,31,65,31,15,13
451,J. Pargo,Atlanta,19,2,2,6,7,18,20,7,6,1,5,4
452,S. Mack,Philadelphia,1,0,0,1,0,1,1,3,0,0,2,0
453,C. Johnson,Memphis,2,1,2,5,6,7,18,6,6,5,3,6
454,M. Speights,Cleveland,20,76,96,118,1,257,5,29,103,51,34,33
455,W. Ellington,Cleveland,44,40,45,66,41,132,110,28,68,11,22,27
456,C. Andersen,Miami,10,38,54,50,0,85,1,32,78,30,16,12
457,A. Baynes,San Antonio,2,4,6,10,0,17,0,9,10,5,7,1
458,J. Leuer,Memphis,1,1,4,9,0,15,0,10,10,7,2,1
459,R. Gay,Toronto,68,86,99,148,25,333,93,24,119,34,73,51
460,T. Prince,Memphis,71,16,28,106,9,238,29,28,101,28,28,37
461,E. Davis,Memphis,5,26,51,57,0,106,0,26,72,36,11,12
462,A. Daye,Memphis,11,4,7,20,15,39,40,20,33,5,10,5
463,J. Calderón,Detroit,172,16,17,64,50,124,96,26,62,5,47,22
464,F. Melo,Boston,0,1,4,2,0,4,0,3,1,0,0,0
465,J. Pargo,Philadelphia,28,14,21,17,7,46,17,14,16,1,13,6
466,T. Williams,Boston,18,5,10,19,3,39,7,16,19,2,15,5
467,J. Crawford,Boston,39,30,38,40,16,88,52,19,41,5,31,15
468,J. McRoberts,Charlotte,34,23,33,50,4,89,21,17,76,28,20,9
469,B. Udrih,Orlando,99,39,46,48,9,111,32,19,25,13,30,19
470,T. Harris,Orlando,29,52,67,97,21,198,58,19,122,30,33,27
471,D. Lamb,Orlando,3,7,9,7,1,22,4,15,10,5,6,4
472,D. Granger,Indiana,3,5,8,8,2,25,10,5,6,3,4,5
473,J. Redick,Milwaukee,47,33,37,46,29,93,91,18,28,5,20,22
474,D. Jones,Atlanta,14,7,14,20,2,44,7,18,10,7,11,4
475,P. Patterson,Sacramento,20,8,10,52,14,98,30,18,60,31,14,12
476,E. Maynor,Portland,69,18,27,38,12,86,32,18,18,4,30,12
477,A. Harrington,Orlando,10,3,4,12,8,27,30,9,21,6,7,6
478,A. Morrow,Dallas,3,2,2,9,0,18,3,6,1,1,2,8
479,T. Douglas,Sacramento,36,14,14,16,11,34,32,15,22,5,17,7
480,T. Robinson,Houston,7,12,22,29,0,62,1,15,40,23,19,16
481,D. Fisher,Oklahoma City,13,8,9,9,9,26,31,17,16,2,8,6
482,R. Brewer,Oklahoma City,5,0,0,3,1,5,2,7,9,3,3,1
483,D. Pittman,Memphis,0,0,3,1,0,4,0,3,1,3,0,2
484,C. Aldrich,Sacramento,3,5,7,8,0,18,0,9,20,8,5,3
485,F. García,Houston,8,4,4,7,10,15,28,9,7,0,6,7
486,T. Ohlbrecht,Houston,1,1,1,1,0,2,0,2,1,0,3,0
487,J. Tyler,Atlanta,0,0,0,0,0,0,0,1,3,0,0,0
488,D. White,Boston,3,1,5,8,0,13,0,6,8,2,1,0
489,S. Mack,Atlanta,25,2,4,10,8,23,17,11,12,0,14,1
490,C. Jenkins,Philadelphia,14,1,2,13,0,34,0,10,7,3,2,1
491,H. Haddadi,Phoenix,7,11,23,19,0,45,0,14,42,31,22,10
492,S. Telfair,Toronto,23,7,8,7,7,16,26,8,8,1,5,3
493,L. Amundson,Chicago,0,0,0,0,0,1,0,1,0,1,0,0
494,G. Ayón,Milwaukee,6,1,6,11,0,16,0,6,12,6,0,4
495,K. Martin,New York,8,15,36,51,0,84,0,14,49,28,10,4
496,H. Sims,New Orleans,0,0,0,2,0,3,0,1,0,2,1,0
497,T. Harris,New Orleans,7,1,2,2,0,10,7,9,17,0,8,3
498,M. Thomas,Golden State,2,3,4,0,0,1,0,4,5,0,1,0
499,I. Smith,Milwaukee,5,0,0,3,0,7,0,6,1,0,2,1
500,M. Wayns,LA Clippers,7,4,4,3,1,7,3,3,0,0,2,1
501,S. Randolph,Boston,1,2,11,12,0,24,0,8,24,14,3,2
502,L. Amundson,New Orleans,6,4,7,9,0,22,0,10,18,7,4,3
503,A. Brooks,Houston,4,0,0,0,1,2,4,4,0,1,4,1
504,J. Pargo,Charlotte,22,4,4,14,18,30,46,9,5,5,15,10
505,C. Wright,Dallas,0,0,0,1,0,2,0,2,0,0,1,0
506,J. Collins,Washington,2,0,0,1,0,3,0,2,5,0,1,0
507,D. Summers,LA Clippers,1,0,0,1,0,4,0,1,2,0,0,0
508,C. Quinn,Cleveland,3,0,0,3,0,7,2,3,0,1,5,0
509,J. Howard,Miami,3,0,0,1,0,2,0,3,2,0,1,0
510,J. Dentmon,Dallas,0,0,0,0,0,1,0,1,0,0,0,0
